id_gato,data_ultima_vacina
G00001,2025-04-26
G00002,2026-01-15
G00003,2025-06-29
G00004,2025-05-04
G00005,2025-06-23
G00006,2025-01-05
G00007,2025-04-29
G00008,2025-07-22
G00009,2025-12-27
G00010,2025-10-17
G00011,2025-11-03
G00012,2025-08-02
G00013,2025-02-13
G00014,2025-06-03
G00015,2026-01-26
G00016,2025-01-18
G00017,2025-12-11
G00018,2025-09-26
G00019,2025-04-22
G00020,2025-11-01
G00021,2025-11-25
G00022,2025-01-17
G00023,2025-02-11
G00024,2025-09-18
G00025,2026-01-27
G00026,2025-01-10
G00027,2025-09-18
G00028,2025-02-23
G00029,2025-09-12
G00030,2025-09-02
G00031,2025-02-05
G00032,2025-09-24
G00033,2025-12-18
G00034,2025-12-05
G00035,2025-01-12
G00036,2025-04-07
G00037,2025-04-05
G00038,2025-06-27
G00039,2025-02-26
G00040,2025-12-01
G00041,2025-11-01
G00042,2025-11-13
G00043,2025-03-19
G00044,2025-01-06
G00045,2025-12-23
G00046,2025-04-24
G00047,2025-09-15
G00048,2025-12-23
G00049,2025-01-15
G00050,2025-01-03
G00051,2025-01-03
G00052,2025-03-03
G00053,2025-01-21
G00054,2025-11-18
G00055,2025-08-26
G00056,2026-01-20
G00057,2025-11-11
G00058,2026-01-13
G00059,2025-04-04
G00060,2025-04-23
G00061,2025-11-29
G00062,2025-04-06
G00063,2025-01-23
G00064,2025-09-20
G00065,2025-11-10
G00066,2026-01-15
G00067,2025-12-30
G00068,2025-02-17
G00069,2025-10-30
G00070,2025-11-28
G00071,2025-10-01
G00072,2025-11-18
G00073,2025-11-25
G00074,2025-06-25
G00075,2025-01-16
G00076,2025-06-28
G00077,2025-03-21
G00078,2025-02-14
G00079,2025-02-18
G00080,2025-10-01
G00081,2025-07-17
G00082,2025-07-31
G00083,2025-10-20
G00084,2025-08-03
G00085,2025-09-04
G00086,2025-02-03
G00087,2025-11-30
G00088,2025-06-25
G00089,2025-03-02
G00090,2025-11-15
G00091,2025-10-15
G00092,2025-01-21
G00093,2025-03-17
G00094,2025-01-07
G00095,2025-04-17
G00096,2025-02-09
G00097,2025-10-06
G00098,2025-07-24
G00099,2026-01-20
G00100,2025-10-21
G00101,2025-08-28
G00102,2025-07-19
G00103,2025-01-22
G00104,2025-01-28
G00105,2025-08-30
G00106,2025-01-02
G00107,2025-01-17
G00108,2025-03-27
G00109,2025-12-13
G00110,2025-06-29
G00111,2025-10-06
G00112,2025-06-11
G00113,2025-03-09
G00114,2025-05-26
G00115,2025-02-05
G00116,2025-10-29
G00117,2025-03-13
G00118,2025-05-28
G00119,2026-01-20
G00120,2025-08-21
G00121,2025-06-29
G00122,2025-08-01
G00123,2025-11-04
G00124,2025-04-10
G00125,2025-09-07
G00126,2025-12-09
G00127,2025-08-13
G00128,2025-06-25
G00129,2025-02-26
G00130,2025-04-08
G00131,2026-01-06
G00132,2025-08-01
G00133,2025-04-29
G00134,2025-06-14
G00135,2025-08-15
G00136,2025-07-30
G00137,2025-10-02
G00138,2025-04-11
G00139,2025-09-12
G00140,2025-06-23
G00141,2026-01-04
G00142,2025-03-03
G00143,2025-02-28
G00144,2025-06-30
G00145,2025-07-19
G00146,2025-09-28
G00147,2025-06-08
G00148,2025-12-25
G00149,2025-07-05
G00150,2025-02-20
G00151,2025-02-16
G00152,2026-01-17
G00153,2025-02-22
G00154,2026-01-07
G00155,2025-04-20
G00156,2025-02-06
G00157,2025-04-30
G00158,2025-08-29
G00159,2025-06-17
G00160,2025-11-04
G00161,2025-08-28
G00162,2025-06-07
G00163,2025-09-06
G00164,2026-01-16
G00165,2025-06-11
G00166,2025-03-02
G00167,2025-06-10
G00168,2025-11-26
G00169,2025-03-27
G00170,2026-01-08
G00171,2025-08-19
G00172,2025-08-24
G00173,2025-05-05
G00174,2025-12-27
G00175,2025-01-15
G00176,2025-04-28
G00177,2025-06-14
G00178,2025-07-07
G00179,2025-07-05
G00180,2025-02-27
G00181,2025-03-30
G00182,2025-02-07
G00183,2025-08-13
G00184,2025-05-18
G00185,2025-08-10
G00186,2025-08-20
G00187,2025-10-03
G00188,2025-08-03
G00189,2025-09-11
G00190,2025-08-19
G00191,2025-09-13
G00192,2025-08-30
G00193,2025-05-04
G00194,2025-04-07
G00195,2025-11-05
G00196,2025-05-15
G00197,2025-08-04
G00198,2025-03-19
G00199,2025-06-19
G00200,2025-07-27
G00201,2025-09-03
G00202,2025-07-26
G00203,2025-05-22
G00204,2026-01-13
G00205,2025-07-20
G00206,2025-11-13
G00207,2025-10-16
G00208,2025-08-07
G00209,2025-12-14
G00210,2025-02-20
G00211,2025-12-28
G00212,2025-11-30
G00213,2025-07-17
G00214,2025-10-15
G00215,2025-07-23
G00216,2025-04-16
G00217,2025-11-10
G00218,2025-04-07
G00219,2025-05-04
G00220,2025-07-23
G00221,2025-11-25
G00222,2025-05-31
G00223,2025-07-13
G00224,2025-01-17
G00225,2025-02-15
G00226,2025-01-22
G00227,2025-01-29
G00228,2025-12-07
G00229,2025-11-27
G00230,2025-11-19
G00231,2025-01-22
G00232,2025-01-31
G00233,2025-04-20
G00234,2025-08-10
G00235,2025-05-11
G00236,2025-07-11
G00237,2025-03-09
G00238,2025-10-14
G00239,2025-05-04
G00240,2025-01-27
G00241,2025-10-19
G00242,2025-12-20
G00243,2025-01-06
G00244,2025-06-21
G00245,2025-11-21
G00246,2025-10-04
G00247,2025-12-02
G00248,2025-06-12
G00249,2025-05-26
G00250,2025-10-05
G00251,2025-03-02
G00252,2025-04-04
G00253,2025-08-24
G00254,2025-09-20
G00255,2025-02-16
G00256,2025-07-19
G00257,2025-05-24
G00258,2025-07-16
G00259,2026-01-11
G00260,2025-01-31
G00261,2026-01-26
G00262,2025-06-26
G00263,2025-10-30
G00264,2025-06-16
G00265,2025-05-02
G00266,2025-10-30
G00267,2025-09-27
G00268,2025-02-26
G00269,2025-10-04
G00270,2025-10-23
G00271,2025-06-02
G00272,2025-12-29
G00273,2025-09-09
G00274,2025-05-11
G00275,2025-01-05
G00276,2025-09-22
G00277,2025-03-23
G00278,2025-10-24
G00279,2025-07-25
G00280,2025-07-02
G00281,2025-03-06
G00282,2025-10-06
G00283,2025-03-07
G00284,2025-06-13
G00285,2025-11-24
G00286,2025-12-27
G00287,2026-01-23
G00288,2026-01-11
G00289,2025-08-06
G00290,2025-03-20
G00291,2025-11-25
G00292,2025-11-11
G00293,2026-01-24
G00294,2025-09-13
G00295,2025-02-25
G00296,2025-07-17
G00297,2025-06-25
G00298,2025-11-27
G00299,2025-06-03
G00300,2025-05-09
G00301,2025-02-01
G00302,2025-11-24
G00303,2025-10-24
G00304,2025-01-17
G00305,2025-06-20
G00306,2025-07-08
G00307,2025-07-03
G00308,2025-12-27
G00309,2025-03-01
G00310,2025-05-01
G00311,2025-03-12
G00312,2025-04-06
G00313,2025-12-22
G00314,2026-01-04
G00315,2025-01-18
G00316,2025-09-05
G00317,2025-04-02
G00318,2025-03-17
G00319,2025-04-25
G00320,2025-03-18
G00321,2025-07-12
G00322,2026-01-26
G00323,2025-08-18
G00324,2025-10-11
G00325,2025-07-13
G00326,2025-01-06
G00327,2025-02-02
G00328,2025-04-16
G00329,2025-04-06
G00330,2025-11-26
G00331,2025-11-27
G00332,2025-12-01
G00333,2025-09-07
G00334,2025-08-07
G00335,2025-09-12
G00336,2025-06-09
G00337,2025-09-20
G00338,2025-11-08
G00339,2025-10-27
G00340,2025-08-29
G00341,2025-01-23
G00342,2025-10-12
G00343,2025-05-24
G00344,2025-10-19
G00345,2025-07-31
G00346,2025-12-12
G00347,2025-05-13
G00348,2026-01-01
G00349,2025-11-28
G00350,2025-05-10
G00351,2025-07-09
G00352,2025-07-28
G00353,2025-10-29
G00354,2025-09-28
G00355,2025-11-30
G00356,2025-05-25
G00357,2025-07-17
G00358,2025-06-18
G00359,2025-12-23
G00360,2025-04-30
G00361,2025-08-19
G00362,2025-02-17
G00363,2025-11-30
G00364,2025-05-31
G00365,2025-05-14
G00366,2025-08-17
G00367,2025-07-15
G00368,2025-11-29
G00369,2025-07-28
G00370,2025-07-22
G00371,2025-02-11
G00372,2025-01-09
G00373,2025-06-06
G00374,2026-01-27
G00375,2025-12-26
G00376,2025-09-04
G00377,2025-09-05
G00378,2025-06-03
G00379,2025-03-11
G00380,2025-01-04
G00381,2025-05-13
G00382,2025-05-05
G00383,2025-03-17
G00384,2025-04-12
G00385,2025-01-10
G00386,2025-08-27
G00387,2025-12-30
G00388,2025-09-28
G00389,2025-06-25
G00390,2025-06-14
G00391,2025-05-01
G00392,2025-02-25
G00393,2025-08-23
G00394,2025-08-11
G00395,2025-01-03
G00396,2025-06-12
G00397,2025-04-19
G00398,2025-03-08
G00399,2025-10-03
G00400,2025-07-26
G00401,2025-09-06
G00402,2025-10-07
G00403,2026-01-20
G00404,2025-11-11
G00405,2025-09-01
G00406,2025-12-11
G00407,2025-07-07
G00408,2026-01-22
G00409,2025-10-26
G00410,2025-09-13
G00411,2025-12-21
G00412,2025-07-21
G00413,2025-10-10
G00414,2025-04-22
G00415,2026-01-13
G00416,2025-09-02
G00417,2025-11-03
G00418,2025-06-30
G00419,2025-12-06
G00420,2025-01-30
G00421,2025-02-14
G00422,2025-07-18
G00423,2025-10-15
G00424,2025-11-14
G00425,2025-06-22
G00426,2025-09-12
G00427,2025-08-05
G00428,2026-01-12
G00429,2025-09-14
G00430,2025-06-13
G00431,2026-01-16
G00432,2025-02-12
G00433,2026-01-21
G00434,2025-03-02
G00435,2025-04-23
G00436,2025-11-19
G00437,2025-10-15
G00438,2026-01-16
G00439,2025-10-21
G00440,2025-09-07
G00441,2025-05-16
G00442,2025-01-02
G00443,2025-02-18
G00444,2025-04-27
G00445,2025-01-17
G00446,2025-07-19
G00447,2025-11-01
G00448,2026-01-13
G00449,2025-07-11
G00450,2025-12-10
G00451,2026-01-22
G00452,2025-12-04
G00453,2025-07-02
G00454,2025-05-08
G00455,2026-01-19
G00456,2025-04-05
G00457,2025-06-11
G00458,2025-01-30
G00459,2025-11-08
G00460,2025-09-12
G00461,2025-02-03
G00462,2025-03-28
G00463,2025-08-06
G00464,2025-07-31
G00465,2025-11-11
G00466,2025-04-15
G00467,2025-12-29
G00468,2025-06-24
G00469,2025-11-19
G00470,2025-04-04
G00471,2025-01-15
G00472,2025-01-22
G00473,2025-05-27
G00474,2026-01-09
G00475,2025-01-20
G00476,2025-05-25
G00477,2025-02-12
G00478,2026-01-01
G00479,2025-09-22
G00480,2025-10-26
G00481,2025-10-07
G00482,2025-09-15
G00483,2025-10-31
G00484,2025-01-04
G00485,2025-12-06
G00486,2025-10-18
G00487,2025-10-17
G00488,2025-06-04
G00489,2025-11-10
G00490,2025-05-30
G00491,2025-01-20
G00492,2025-12-22
G00493,2025-04-02
G00494,2025-02-09
G00495,2025-09-01
G00496,2025-04-02
G00497,2025-12-03
G00498,2025-06-23
G00499,2025-01-02
G00500,2026-01-09
G00501,2025-07-21
G00502,2025-04-14
G00503,2025-09-23
G00504,2025-07-27
G00505,2025-01-12
G00506,2025-10-25
G00507,2025-06-07
G00508,2025-10-02
G00509,2025-12-18
G00510,2025-08-28
G00511,2025-09-21
G00512,2025-04-10
G00513,2025-04-04
G00514,2025-06-12
G00515,2025-12-01
G00516,2025-07-25
G00517,2025-05-17
G00518,2025-11-02
G00519,2025-12-01
G00520,2025-12-20
G00521,2025-04-28
G00522,2025-10-06
G00523,2025-08-20
G00524,2025-06-25
G00525,2025-06-05
G00526,2025-02-14
G00527,2025-04-18
G00528,2025-08-04
G00529,2025-12-14
G00530,2025-12-06
G00531,2025-03-15
G00532,2025-09-24
G00533,2025-02-03
G00534,2025-09-22
G00535,2025-05-15
G00536,2025-06-26
G00537,2025-10-09
G00538,2025-06-16
G00539,2025-11-13
G00540,2025-07-29
G00541,2026-01-27
G00542,2025-09-08
G00543,2025-04-27
G00544,2025-10-31
G00545,2025-06-09
G00546,2025-07-29
G00547,2025-02-23
G00548,2025-02-16
G00549,2025-08-14
G00550,2025-03-15
G00551,2026-01-27
G00552,2025-12-02
G00553,2025-10-02
G00554,2025-10-16
G00555,2025-08-22
G00556,2025-01-24
G00557,2025-06-03
G00558,2025-07-14
G00559,2025-12-25
G00560,2025-03-28
G00561,2025-07-14
G00562,2025-05-15
G00563,2025-02-22
G00564,2025-02-10
G00565,2025-05-24
G00566,2025-02-02
G00567,2025-01-27
G00568,2025-05-18
G00569,2025-03-21
G00570,2025-08-06
G00571,2025-01-07
G00572,2025-04-29
G00573,2025-06-27
G00574,2026-01-13
G00575,2025-09-06
G00576,2025-12-12
G00577,2025-05-15
G00578,2025-06-26
G00579,2025-06-14
G00580,2025-12-14
G00581,2026-01-12
G00582,2026-01-13
G00583,2025-10-22
G00584,2025-07-17
G00585,2025-08-01
G00586,2026-01-20
G00587,2025-04-22
G00588,2025-05-16
G00589,2025-12-18
G00590,2025-06-01
G00591,2025-04-03
G00592,2025-08-08
G00593,2025-05-08
G00594,2025-12-16
G00595,2025-12-23
G00596,2025-04-30
G00597,2025-07-27
G00598,2026-01-21
G00599,2025-10-18
G00600,2025-03-26
G00601,2025-08-20
G00602,2025-08-31
G00603,2025-09-14
G00604,2025-01-10
G00605,2025-04-28
G00606,2025-12-02
G00607,2025-04-05
G00608,2025-04-28
G00609,2025-05-07
G00610,2025-03-11
G00611,2025-03-02
G00612,2025-05-17
G00613,2025-12-09
G00614,2025-01-01
G00615,2025-04-22
G00616,2025-01-24
G00617,2025-08-09
G00618,2025-04-09
G00619,2025-11-07
G00620,2025-08-18
G00621,2025-11-04
G00622,2025-09-06
G00623,2025-06-21
G00624,2025-12-04
G00625,2025-07-06
G00626,2026-01-08
G00627,2026-01-25
G00628,2025-08-19
G00629,2025-09-22
G00630,2025-04-11
G00631,2025-11-16
G00632,2025-09-21
G00633,2025-12-20
G00634,2025-04-15
G00635,2025-11-05
G00636,2025-07-04
G00637,2025-03-14
G00638,2025-03-09
G00639,2025-08-09
G00640,2025-05-06
G00641,2025-02-09
G00642,2025-06-17
G00643,2025-09-13
G00644,2025-05-06
G00645,2026-01-10
G00646,2025-11-02
G00647,2025-07-20
G00648,2026-01-02
G00649,2025-06-19
G00650,2025-02-24
G00651,2025-01-15
G00652,2026-01-03
G00653,2026-01-12
G00654,2025-10-17
G00655,2025-02-10
G00656,2025-04-26
G00657,2025-01-17
G00658,2025-01-21
G00659,2025-04-07
G00660,2025-08-13
G00661,2025-01-26
G00662,2026-01-21
G00663,2025-06-28
G00664,2025-04-14
G00665,2025-07-22
G00666,2025-11-06
G00667,2025-05-03
G00668,2025-01-19
G00669,2025-01-20
G00670,2025-11-30
G00671,2025-02-13
G00672,2025-09-07
G00673,2025-05-31
G00674,2025-11-01
G00675,2025-01-24
G00676,2025-12-18
G00677,2025-10-01
G00678,2025-06-26
G00679,2025-03-23
G00680,2026-01-19
G00681,2025-04-29
G00682,2025-07-12
G00683,2025-06-04
G00684,2025-04-01
G00685,2025-06-13
G00686,2025-03-01
G00687,2025-01-01
G00688,2025-04-24
G00689,2025-02-13
G00690,2025-06-12
G00691,2025-12-05
G00692,2025-03-05
G00693,2025-01-01
G00694,2025-02-13
G00695,2025-07-19
G00696,2025-04-18
G00697,2025-07-11
G00698,2025-01-12
G00699,2025-05-11
G00700,2025-06-10
G00701,2025-06-19
G00702,2025-08-05
G00703,2025-11-02
G00704,2025-07-03
G00705,2025-11-26
G00706,2025-07-27
G00707,2025-04-13
G00708,2025-03-31
G00709,2025-05-07
G00710,2025-08-23
G00711,2025-04-06
G00712,2025-12-25
G00713,2025-07-08
G00714,2025-12-05
G00715,2025-09-25
G00716,2025-05-11
G00717,2025-03-31
G00718,2025-10-19
G00719,2025-05-10
G00720,2025-04-07
G00721,2025-12-31
G00722,2025-07-09
G00723,2025-01-20
G00724,2025-07-13
G00725,2025-06-30
G00726,2025-12-05
G00727,2025-10-06
G00728,2025-03-17
G00729,2025-02-28
G00730,2025-08-25
G00731,2025-01-19
G00732,2025-05-06
G00733,2025-02-24
G00734,2025-01-09
G00735,2025-12-27
G00736,2025-02-05
G00737,2025-01-04
G00738,2026-01-01
G00739,2025-03-15
G00740,2025-11-17
G00741,2025-01-13
G00742,2025-03-02
G00743,2025-02-13
G00744,2025-10-04
G00745,2025-09-01
G00746,2025-07-06
G00747,2025-04-05
G00748,2025-02-04
G00749,2025-08-12
G00750,2025-04-01
G00751,2025-08-20
G00752,2025-09-27
G00753,2025-11-29
G00754,2025-07-13
G00755,2025-01-02
G00756,2025-04-21
G00757,2025-12-01
G00758,2025-07-29
G00759,2025-08-31
G00760,2025-06-29
G00761,2025-03-05
G00762,2025-12-18
G00763,2025-10-30
G00764,2026-01-26
G00765,2025-12-02
G00766,2025-04-25
G00767,2025-04-10
G00768,2025-04-08
G00769,2025-12-27
G00770,2025-08-07
G00771,2025-06-28
G00772,2026-01-15
G00773,2025-08-25
G00774,2025-12-23
G00775,2026-01-21
G00776,2025-02-01
G00777,2025-05-22
G00778,2025-10-15
G00779,2025-11-15
G00780,2025-02-28
G00781,2025-05-05
G00782,2025-08-03
G00783,2025-11-10
G00784,2025-02-14
G00785,2025-08-24
G00786,2025-04-27
G00787,2025-03-26
G00788,2025-07-22
G00789,2025-06-12
G00790,2025-09-07
G00791,2025-05-05
G00792,2025-11-19
G00793,2025-01-31
G00794,2025-12-04
G00795,2025-01-12
G00796,2025-10-16
G00797,2025-05-16
G00798,2025-05-31
G00799,2025-01-08
G00800,2025-10-03
G00801,2025-03-06
G00802,2025-09-16
G00803,2025-10-12
G00804,2025-11-28
G00805,2025-10-05
G00806,2025-04-29
G00807,2025-10-17
G00808,2025-11-20
G00809,2025-05-05
G00810,2025-02-18
G00811,2025-12-15
G00812,2025-02-27
G00813,2025-08-21
G00814,2025-04-03
G00815,2025-02-19
G00816,2025-11-01
G00817,2025-02-26
G00818,2025-09-20
G00819,2025-09-29
G00820,2025-01-24
G00821,2025-03-09
G00822,2025-11-08
G00823,2025-07-18
G00824,2025-02-17
G00825,2026-01-24
G00826,2025-04-14
G00827,2025-01-02
G00828,2025-12-29
G00829,2025-01-07
G00830,2025-08-05
G00831,2026-01-25
G00832,2025-08-15
G00833,2025-08-18
G00834,2025-06-02
G00835,2025-02-19
G00836,2025-08-13
G00837,2025-12-18
G00838,2025-02-05
G00839,2025-12-12
G00840,2025-06-12
G00841,2025-07-30
G00842,2025-03-06
G00843,2025-09-01
G00844,2025-03-13
G00845,2025-04-18
G00846,2025-10-10
G00847,2025-01-20
G00848,2025-06-25
G00849,2025-08-22
G00850,2025-02-21
G00851,2025-04-26
G00852,2025-05-15
G00853,2025-09-18
G00854,2026-01-18
G00855,2025-11-24
G00856,2025-03-16
G00857,2025-01-08
G00858,2025-01-21
G00859,2025-08-22
G00860,2025-03-03
G00861,2025-04-01
G00862,2025-11-29
G00863,2025-12-09
G00864,2025-11-25
G00865,2025-04-10
G00866,2025-08-31
G00867,2025-08-28
G00868,2025-03-14
G00869,2025-08-05
G00870,2025-07-25
G00871,2025-06-05
G00872,2025-10-22
G00873,2025-09-23
G00874,2025-07-28
G00875,2025-10-12
G00876,2025-10-27
G00877,2025-08-11
G00878,2025-04-15
G00879,2025-10-25
G00880,2025-10-09
G00881,2026-01-21
G00882,2025-02-28
G00883,2025-06-14
G00884,2025-12-29
G00885,2025-07-21
G00886,2026-01-05
G00887,2025-01-05
G00888,2025-01-14
G00889,2025-11-09
G00890,2025-05-21
G00891,2025-07-23
G00892,2025-06-17
G00893,2025-06-09
G00894,2026-01-04
G00895,2025-02-06
G00896,2025-10-30
G00897,2025-12-15
G00898,2025-09-15
G00899,2025-06-04
G00900,2025-03-04
G00901,2025-09-25
G00902,2025-07-03
G00903,2025-02-28
G00904,2025-05-21
G00905,2026-01-12
G00906,2025-04-15
G00907,2025-03-11
G00908,2025-09-25
G00909,2025-03-20
G00910,2025-12-27
G00911,2025-12-03
G00912,2026-01-21
G00913,2025-12-24
G00914,2025-04-06
G00915,2025-03-25
G00916,2025-05-15
G00917,2025-07-04
G00918,2025-12-11
G00919,2025-10-15
G00920,2025-09-10
G00921,2025-12-11
G00922,2025-09-11
G00923,2025-05-29
G00924,2025-06-11
G00925,2025-07-22
G00926,2025-02-04
G00927,2025-10-18
G00928,2025-09-13
G00929,2025-10-14
G00930,2025-07-29
G00931,2025-11-03
G00932,2026-01-08
G00933,2025-08-12
G00934,2025-06-24
G00935,2025-02-11
G00936,2025-11-02
G00937,2025-12-21
G00938,2025-10-02
G00939,2025-12-06
G00940,2025-12-04
G00941,2025-11-09
G00942,2025-07-17
G00943,2025-02-09
G00944,2025-01-02
G00945,2025-03-22
G00946,2025-06-18
G00947,2025-10-19
G00948,2025-06-28
G00949,2025-01-10
G00950,2025-03-24
G00951,2026-01-19
G00952,2026-01-23
G00953,2025-05-28
G00954,2025-11-12
G00955,2025-10-09
G00956,2026-01-01
G00957,2025-12-14
G00958,2025-09-04
G00959,2025-06-04
G00960,2025-09-03
G00961,2025-05-06
G00962,2025-05-17
G00963,2025-08-27
G00964,2025-08-12
G00965,2025-08-16
G00966,2025-05-31
G00967,2025-06-10
G00968,2025-01-04
G00969,2025-08-24
G00970,2025-08-14
G00971,2026-01-02
G00972,2025-07-17
G00973,2025-07-03
G00974,2025-01-27
G00975,2025-03-19
G00976,2025-05-13
G00977,2025-05-28
G00978,2025-05-23
G00979,2025-06-04
G00980,2025-10-29
G00981,2025-02-21
G00982,2025-05-11
G00983,2025-03-05
G00984,2025-05-01
G00985,2025-09-26
G00986,2025-01-19
G00987,2025-05-14
G00988,2025-01-10
G00989,2026-01-10
G00990,2025-10-13
G00991,2025-04-06
G00992,2025-03-19
G00993,2025-02-08
G00994,2025-07-05
G00995,2025-10-23
G00996,2025-08-18
G00997,2025-12-12
G00998,2025-05-15
G00999,2025-04-20
G01000,2025-07-07
